dataset,model,seed,parameter_count,latency_mean_sec,training_time_sec,best_epoch
METR-LA,ID-MLP-CA,42,117868,0.6097770857143457,199.062381,33
METR-LA,ID-MLP-CA,43,117868,0.6506390142857137,193.24852869999995,17
METR-LA,ID-MLP-CA,44,117868,0.6681437428568253,277.8775832000001,29
METR-LA,ID-MLP-CA,45,117868,0.6266443857140465,265.2359349999988,27
METR-LA,ID-MLP-CA,46,117868,0.625077485714168,215.5252451999986,20
METR-LA,ID-MLP-CA,47,117868,0.6207210428562705,179.7810998999994,15
METR-LA,ID-MLP-CA,48,117868,0.655153657142364,200.06210909999936,18
METR-LA,ID-MLP-CA,49,117868,0.6483619714298194,306.7345865000025,33
METR-LA,ID-MLP-CA,50,117868,0.6226222999991607,250.5769806999997,25
METR-LA,ID-MLP-CA,51,117868,0.6415037857139916,242.83882799999992,24
METR-LA,KNN+ID-MLP,42,117868,0.7123638714285464,102.30831660000013,
METR-LA,KNN+ID-MLP,43,117868,0.7873068714284922,250.9972803999999,
METR-LA,KNN+ID-MLP,44,117868,0.7829703142857137,157.8119469000003,
METR-LA,KNN+ID-MLP,45,117868,0.7784588714286136,162.52163870000004,
METR-LA,KNN+ID-MLP,46,117868,0.788746242857347,151.26452370000152,
METR-LA,KNN+ID-MLP,47,117868,0.767496757142778,251.29458599999998,
METR-LA,KNN+ID-MLP,48,117868,0.7323320857140061,185.6674181999988,
METR-LA,KNN+ID-MLP,49,117868,0.7370472857141327,85.98615580000114,
METR-LA,KNN+ID-MLP,50,117868,0.7402526857144299,136.09865840000202,
METR-LA,KNN+ID-MLP,51,117868,0.8198731142848763,139.33001440000226,
METR-LA,PPCA-lite+ID-MLP,42,117868,0.7274167857142076,119.27652810000018,
METR-LA,PPCA-lite+ID-MLP,43,117868,0.9027513428571703,164.51460789999965,
METR-LA,PPCA-lite+ID-MLP,44,117868,0.818629428571772,107.92300019999948,
METR-LA,PPCA-lite+ID-MLP,45,117868,0.8124609285714541,155.66607750000003,
METR-LA,PPCA-lite+ID-MLP,46,117868,0.7742316142853919,151.74832570000035,
METR-LA,PPCA-lite+ID-MLP,47,117868,0.8654081285712891,95.01631069999712,
METR-LA,PPCA-lite+ID-MLP,48,117868,0.7800077999995015,148.00432020000153,
METR-LA,PPCA-lite+ID-MLP,49,117868,0.7811939857139285,139.24014399999942,
METR-LA,PPCA-lite+ID-MLP,50,117868,0.7919533714292422,135.55431039999894,
METR-LA,PPCA-lite+ID-MLP,51,117868,0.6788992857140589,228.04277410000213,
METR-LA,PyPOTS-SAITS+ID-MLP,42,117868,0.6912338142856242,118.60953100000006,
METR-LA,PyPOTS-SAITS+ID-MLP,43,117868,0.7854998142858156,112.27140640000016,
METR-LA,PyPOTS-SAITS+ID-MLP,44,117868,0.812897657142977,163.03007939999952,
METR-LA,PyPOTS-SAITS+ID-MLP,45,117868,0.8003747285713741,209.58303590000105,
METR-LA,PyPOTS-SAITS+ID-MLP,46,117868,0.8911176285712697,154.8426075999996,
METR-LA,PyPOTS-SAITS+ID-MLP,47,117868,0.7596784714280927,149.02505349999774,
METR-LA,PyPOTS-SAITS+ID-MLP,48,117868,0.9187629571419426,144.44028659999822,
METR-LA,PyPOTS-SAITS+ID-MLP,49,117868,0.7877044571427437,183.23761679999734,
METR-LA,PyPOTS-SAITS+ID-MLP,50,117868,0.7808067714286153,179.95764129999952,
METR-LA,PyPOTS-SAITS+ID-MLP,51,117868,0.7498825999999619,152.2688941000015,
METR-LA,SRAF-ID-v1-formal,42,118029,0.9526362142857708,261.8728647,29
METR-LA,SRAF-ID-v1-formal,43,118029,0.9758204285714912,328.49644709999984,23
METR-LA,SRAF-ID-v1-formal,44,118029,0.9851452857146796,407.34892279999985,31
METR-LA,SRAF-ID-v1-formal,45,118029,0.992996742856641,365.7731476000008,27
METR-LA,SRAF-ID-v1-formal,46,118029,0.9899708285712612,386.00794999999925,29
METR-LA,SRAF-ID-v1-formal,47,118029,0.9656587000000789,289.1665474000001,19
METR-LA,SRAF-ID-v1-formal,48,118029,0.9672695142851028,277.84370240000135,18
METR-LA,SRAF-ID-v1-formal,49,118029,0.9594856571436269,288.1008103999993,19
METR-LA,SRAF-ID-v1-formal,50,118029,0.976149928571041,377.25857779999933,28
METR-LA,SRAF-ID-v1-formal,51,118029,0.9741237000000963,248.24025650000112,15
METR-LA,SRAF-ID-v2-current-best,42,118830,1.6504890142857351,461.39653580000004,24
METR-LA,SRAF-ID-v2-current-best,43,118830,1.6785776428571677,588.5736482000002,33
METR-LA,SRAF-ID-v2-current-best,44,118830,1.6843217428569395,668.3073499000002,39
METR-LA,SRAF-ID-v2-current-best,45,118830,1.6791365714288986,586.2516517999993,33
METR-LA,SRAF-ID-v2-current-best,46,118830,1.6610024428573524,598.8634619999993,34
METR-LA,SRAF-ID-v2-current-best,47,118830,1.6791996285714308,608.9182146000003,34
METR-LA,SRAF-ID-v2-current-best,48,118830,1.6728890857152041,613.912564899998,35
METR-LA,SRAF-ID-v2-current-best,49,118830,1.6556958857155613,572.8783041999995,32
METR-LA,SRAF-ID-v2-current-best,50,118830,1.6909586999998802,736.4820796000022,44
METR-LA,SRAF-ID-v2-current-best,51,118830,1.6586277857136988,764.1353656000028,46
METR-LA,SRAF-ID-v2-current-best-noGate,42,118830,1.6916955142856491,584.4583993,33
METR-LA,SRAF-ID-v2-current-best-noGate,43,118830,1.7185242142858053,574.0531344000001,32
METR-LA,SRAF-ID-v2-current-best-noGate,44,118830,1.7148795142854527,559.1556033999996,31
METR-LA,SRAF-ID-v2-current-best-noGate,45,118830,1.7214254857143325,803.9570328000009,49
METR-LA,SRAF-ID-v2-current-best-noGate,46,118830,1.7325201714284049,695.841279100001,41
METR-LA,SRAF-ID-v2-current-best-noGate,47,118830,1.72458137142842,519.8504985999989,28
METR-LA,SRAF-ID-v2-current-best-noGate,48,118830,1.7319033571433724,612.9001805999978,35
METR-LA,SRAF-ID-v2-current-best-noGate,49,118830,1.707532685714146,505.33081049999964,27
METR-LA,SRAF-ID-v2-current-best-noGate,50,118830,1.719777542857108,559.4730596000009,31
METR-LA,SRAF-ID-v2-current-best-noGate,51,118830,1.7031080285721276,545.6546734999974,30
PEMS-BAY,ID-MLP-CA,42,121644,1.4480688857126682,727.2834818999982,36
PEMS-BAY,ID-MLP-CA,43,121644,1.471978328570133,896.8201103000029,51
PEMS-BAY,ID-MLP-CA,44,121644,1.4101710142858792,783.381761699995,40
PEMS-BAY,ID-MLP-CA,45,121644,1.4065193285745667,741.124470499999,39
PEMS-BAY,ID-MLP-CA,46,121644,1.5997105714278794,643.9916154999955,32
PEMS-BAY,ID-MLP-CA,47,121644,1.3928532428555107,732.154143599997,37
PEMS-BAY,ID-MLP-CA,48,121644,1.4287653857131122,839.5331313999995,45
PEMS-BAY,ID-MLP-CA,49,121644,1.5152927571429504,700.6592795000033,35
PEMS-BAY,ID-MLP-CA,50,121644,0.9232672142887688,811.0437096999958,43
PEMS-BAY,ID-MLP-CA,51,121644,0.9600806000006352,839.8876391999947,42
PEMS-BAY,KNN+ID-MLP,42,121644,1.2419492571425508,362.6526649000007,
PEMS-BAY,KNN+ID-MLP,43,121644,1.2539904999981186,253.17437600000267,
PEMS-BAY,KNN+ID-MLP,44,121644,1.1737729428568855,245.72306879999815,
PEMS-BAY,KNN+ID-MLP,45,121644,1.2090253285704031,412.85752580000553,
PEMS-BAY,KNN+ID-MLP,46,121644,1.3210736714276468,385.5139216000025,
PEMS-BAY,KNN+ID-MLP,47,121644,1.163504771427792,231.9431337999995,
PEMS-BAY,KNN+ID-MLP,48,121644,1.311542057141196,214.44258639999316,
PEMS-BAY,KNN+ID-MLP,49,121644,1.4030064999990697,319.9238350999949,
PEMS-BAY,KNN+ID-MLP,50,121644,0.9009011000016471,295.14609320000454,
PEMS-BAY,KNN+ID-MLP,51,121644,0.9427932142820542,197.83011130000523,
PEMS-BAY,PPCA-lite+ID-MLP,42,121644,1.2976845999988396,187.81553310000163,
PEMS-BAY,PPCA-lite+ID-MLP,43,121644,1.2515027714273725,272.3885095000005,
PEMS-BAY,PPCA-lite+ID-MLP,44,121644,1.2189207428590245,240.51501019999705,
PEMS-BAY,PPCA-lite+ID-MLP,45,121644,1.240727014285637,398.7718614000041,
PEMS-BAY,PPCA-lite+ID-MLP,46,121644,1.1645315571440733,234.97065799999837,
PEMS-BAY,PPCA-lite+ID-MLP,47,121644,1.2279706857152632,216.6697653999945,
PEMS-BAY,PPCA-lite+ID-MLP,48,121644,1.2365916571455142,228.28461990000505,
PEMS-BAY,PPCA-lite+ID-MLP,49,121644,1.285854228570575,200.70466490001127,
PEMS-BAY,PPCA-lite+ID-MLP,50,121644,1.243226828571226,153.44081110000843,
PEMS-BAY,PPCA-lite+ID-MLP,51,121644,0.95593689999909,440.89808510000876,
PEMS-BAY,PyPOTS-SAITS+ID-MLP,42,121644,1.5486944714284618,261.54833260000305,
PEMS-BAY,PyPOTS-SAITS+ID-MLP,43,121644,1.525404428571554,268.28152079999563,
PEMS-BAY,PyPOTS-SAITS+ID-MLP,44,121644,1.4650018857137184,249.9465651999999,
PEMS-BAY,PyPOTS-SAITS+ID-MLP,45,121644,1.3617530714275614,343.8170195999992,
PEMS-BAY,PyPOTS-SAITS+ID-MLP,46,121644,1.5950871857140945,262.81957449999754,
PEMS-BAY,PyPOTS-SAITS+ID-MLP,47,121644,1.4116131142842019,227.9309687000059,
PEMS-BAY,PyPOTS-SAITS+ID-MLP,48,121644,1.6705416999985963,324.4234845000028,
PEMS-BAY,PyPOTS-SAITS+ID-MLP,49,121644,1.7066179142815858,358.08788099999947,
PEMS-BAY,PyPOTS-SAITS+ID-MLP,50,121644,1.7434137714278353,184.8460511000012,
PEMS-BAY,PyPOTS-SAITS+ID-MLP,51,121644,0.9609580714313779,250.52017409999098,
PEMS-BAY,SRAF-ID-v1-formal,42,121805,1.959064528570577,965.5363680999981,39
PEMS-BAY,SRAF-ID-v1-formal,43,121805,1.997229628572573,1024.622373600003,41
PEMS-BAY,SRAF-ID-v1-formal,44,121805,1.9102963285716084,1044.7194762,40
PEMS-BAY,SRAF-ID-v1-formal,45,121805,1.921846328571389,688.4729389000058,23
PEMS-BAY,SRAF-ID-v1-formal,46,121805,2.0423489142849576,803.5341086999979,38
PEMS-BAY,SRAF-ID-v1-formal,47,121805,1.917153085713965,869.2482279999967,34
PEMS-BAY,SRAF-ID-v1-formal,48,121805,1.9526840142851662,924.0535692000049,36
PEMS-BAY,SRAF-ID-v1-formal,49,121805,1.968655142858292,910.1714739000017,35
PEMS-BAY,SRAF-ID-v1-formal,50,121805,1.2052006285708299,768.3444317999965,28
PEMS-BAY,SRAF-ID-v1-formal,51,121805,1.2656979285675334,894.0764507999993,33
PEMS-BAY,SRAF-ID-v2-current-best,42,122606,2.9613675857139503,938.9909735000001,27
PEMS-BAY,SRAF-ID-v2-current-best,43,122606,2.999691928570558,739.4015118000025,20
PEMS-BAY,SRAF-ID-v2-current-best,44,122606,2.9324859714283127,909.2303585000045,25
PEMS-BAY,SRAF-ID-v2-current-best,45,122606,2.8613604285731395,975.437159999994,27
PEMS-BAY,SRAF-ID-v2-current-best,46,122606,2.975967671428017,809.3011340999947,23
PEMS-BAY,SRAF-ID-v2-current-best,47,122606,2.8173397428566074,782.5998223999995,21
PEMS-BAY,SRAF-ID-v2-current-best,48,122606,2.907734500001035,784.7686854999993,21
PEMS-BAY,SRAF-ID-v2-current-best,49,122606,2.9856890714269997,993.95617640001,29
PEMS-BAY,SRAF-ID-v2-current-best,50,122606,1.725913071431153,740.1286925000022,19
PEMS-BAY,SRAF-ID-v2-current-best,51,122606,1.735662657141802,1059.908463300002,33
PEMS-BAY,SRAF-ID-v2-current-best-noGate,42,122606,2.968502614285431,953.2156267999999,27
PEMS-BAY,SRAF-ID-v2-current-best-noGate,43,122606,3.073930814285372,649.9540075999976,16
PEMS-BAY,SRAF-ID-v2-current-best-noGate,44,122606,2.954024957142662,894.8409019000028,25
PEMS-BAY,SRAF-ID-v2-current-best-noGate,45,122606,2.765972085712877,720.4315247999984,18
PEMS-BAY,SRAF-ID-v2-current-best-noGate,46,122606,2.97536418571482,856.2451551999984,23
PEMS-BAY,SRAF-ID-v2-current-best-noGate,47,122606,2.836766514285825,651.1979074999981,16
PEMS-BAY,SRAF-ID-v2-current-best-noGate,48,122606,2.9665335714338914,765.5494345000043,20
PEMS-BAY,SRAF-ID-v2-current-best-noGate,49,122606,2.919129457143884,1003.6574798000074,29
PEMS-BAY,SRAF-ID-v2-current-best-noGate,50,122606,1.6420052000009622,748.5047917000047,19
PEMS-BAY,SRAF-ID-v2-current-best-noGate,51,122606,1.6752246571455285,1137.4517755999987,33
