dataset,variant,fault,mae_mean,mae_sample_sd,difference_vs_full,relative_difference_vs_full_percent,paired_difference,paired_difference_sample_sd,paired_ci_low,paired_ci_high,paired_t_pvalue,wilcoxon_pvalue,seed_wins,seed_losses,cohens_dz
metr_la,sraf_id_forecast_only,RM20,4.7090582847595215,0.023671578757057887,0.0,0.0,0.0,0.0,0.0,0.0,1.0,1.0,0,0,0.0
metr_la,sraf_id_forecast_only,RM40,4.841397380828857,0.02505833603809901,0.0,0.0,0.0,0.0,0.0,0.0,1.0,1.0,0,0,0.0
metr_la,sraf_id_forecast_only,CO24,4.827802038192749,0.019337467399855958,0.0,0.0,0.0,0.0,0.0,0.0,1.0,1.0,0,0,0.0
metr_la,sraf_id_forecast_only,GN-high,4.821774482727051,0.023131177363360865,0.0,0.0,0.0,0.0,0.0,0.0,1.0,1.0,0,0,0.0
metr_la,sraf_id_forecast_only,LD-high,4.920248889923096,0.0178252079883553,0.0,0.0,0.0,0.0,0.0,0.0,1.0,1.0,0,0,0.0
metr_la,sraf_id_forecast_only,SV-high,4.790594673156738,0.02592665260799143,0.0,0.0,0.0,0.0,0.0,0.0,1.0,1.0,0,0,0.0
metr_la,temporal_only_forecast_only,RM20,4.732907915115357,0.01894675208087471,0.023849630355835316,0.5064628406282988,0.023849630355834962,0.031188149482190418,0.0015389722393046382,0.046160288472365286,0.03872483626734207,0.064453125,3,7,0.7647016816260285
metr_la,temporal_only_forecast_only,RM40,4.862649774551391,0.015382659588540099,0.02125239372253418,0.4389723059439448,0.02125239372253418,0.031192788236547513,-0.0010615827589605976,0.043566370204028954,0.059595177994754,0.064453125,3,7,0.6813239509520179
metr_la,temporal_only_forecast_only,CO24,5.356699228286743,0.021144432905508832,0.5288971900939945,10.95523772329288,0.5288971900939943,0.03149534149948848,0.5063667800464308,0.5514276001415578,1.496528916441957e-12,0.001953125,0,10,16.792870466338144
metr_la,temporal_only_forecast_only,GN-high,4.915837097167969,0.02397842606239535,0.09406261444091779,1.950788341053205,0.09406261444091797,0.04181341443553724,0.06415109966224293,0.12397412921959301,5.5821880685908456e-05,0.001953125,0,10,2.2495798468200223
metr_la,temporal_only_forecast_only,LD-high,4.951679849624634,0.016868101425600045,0.031430959701538086,0.6388083286987817,0.031430959701538176,0.028357845087423228,0.011144979379803684,0.051716940023272664,0.006671158514407905,0.01953125,2,8,1.1083691163641303
metr_la,temporal_only_forecast_only,SV-high,4.824391508102417,0.02246051857645752,0.03379683494567942,0.7054830819867541,0.033796834945678714,0.03247661809162196,0.010564461911265116,0.05702920798009231,0.009365957145274812,0.01953125,2,8,1.0406513033571476
metr_la,spatial_only_forecast_only,RM20,5.283153867721557,0.07084569535796119,0.5740955829620358,12.191303403910899,0.5740955829620362,0.06524928371918155,0.5274190572438805,0.620772108680192,4.860231833746791e-10,0.001953125,0,10,8.798496324232712
metr_la,spatial_only_forecast_only,RM40,5.552570819854736,0.07837374868297256,0.7111734390258793,14.689425037531725,0.711173439025879,0.07474113135831878,0.6577068545486451,0.764640023503113,2.418538945599355e-10,0.001953125,0,10,9.515154856519636
metr_la,spatial_only_forecast_only,CO24,5.204880666732788,0.06910797119799425,0.3770786285400396,7.810565254270371,0.37707862854003904,0.06319351633351876,0.3318727102182864,0.4222845468617917,1.5159268663573707e-08,0.001953125,0,10,5.967046153119842
metr_la,spatial_only_forecast_only,GN-high,5.147397851943969,0.07361750078493932,0.3256233692169186,6.753185375703341,0.3256233692169189,0.06944132269602682,0.2759480394665787,0.37529869896725915,1.246527113428035e-07,0.001953125,0,10,4.6891873105917945
metr_la,spatial_only_forecast_only,LD-high,5.427971363067627,0.07240155546447068,0.5077224731445309,10.319040449038477,0.5077224731445313,0.06599452528858438,0.4605128337230868,0.5549321125659759,1.6032075088247022e-09,0.001953125,0,10,7.693402913716485
metr_la,spatial_only_forecast_only,SV-high,5.186003351211548,0.0727204605323366,0.3954086780548103,8.253853749523287,0.39540867805480956,0.055899648552596576,0.35542047842137653,0.4353968776882426,3.3764423979019543e-09,0.001953125,0,10,7.073544973771442
metr_la,fixed_fusion_forecast_only,RM20,4.78937463760376,0.03714443603417452,0.0803163528442381,1.7055714324916162,0.08031635284423828,0.043285313577808585,0.04935190484924713,0.11128080083922944,0.00023846370715682044,0.00390625,1,9,1.8555104770088737
metr_la,fixed_fusion_forecast_only,RM40,4.93532543182373,0.0410342342807859,0.09392805099487322,1.9401020739758519,0.09392805099487304,0.047564762187133666,0.059902269883454644,0.12795383210629144,0.000150588786137175,0.001953125,0,10,1.9747402630824193
metr_la,fixed_fusion_forecast_only,CO24,5.017310428619385,0.04208773533301292,0.18950839042663592,3.9253554501082437,0.18950839042663584,0.04476588579066219,0.1574848048743916,0.22153197597888008,3.017540575701502e-07,0.001953125,0,10,4.233321581367341
metr_la,fixed_fusion_forecast_only,GN-high,4.860790157318116,0.036483332116662756,0.03901567459106481,0.8091559389770282,0.039015674591064455,0.0397075901959377,0.010610575724947367,0.06742077345718155,0.012576050594553755,0.01953125,1,9,0.982574726860558
metr_la,fixed_fusion_forecast_only,LD-high,5.01999192237854,0.05913582087742819,0.0997430324554438,2.0271948571488383,0.09974303245544433,0.06332820456028626,0.05444076398052061,0.14504530093036805,0.000758772330984981,0.001953125,0,10,1.5750175320459687
metr_la,fixed_fusion_forecast_only,SV-high,4.851575803756714,0.03634592209645051,0.06098113059997612,1.2729344634743,0.060981130599975585,0.03711336812755893,0.03443182640609475,0.08753043479385642,0.000567116481858536,0.005859375,1,9,1.6431041879676072
metr_la,gated_fusion_forecast_only,RM20,4.704977083206177,0.01879311924048704,-0.004081201553344904,-0.08666704267716066,-0.004081201553344726,0.025891371266934218,-0.022602772794196556,0.014440369687507101,0.6301117900731618,0.845703125,4,6,-0.15762786417407004
metr_la,gated_fusion_forecast_only,RM40,4.8367212295532225,0.020619140865063914,-0.004676151275634588,-0.096586809712241,-0.004676151275634766,0.028122144425482252,-0.02479352150110792,0.015441218949838392,0.6117194532158995,0.845703125,5,5,-0.16628003913519396
metr_la,gated_fusion_forecast_only,CO24,4.823780822753906,0.019046776623177872,-0.004021215438842596,-0.08329288166811222,-0.004021215438842774,0.021730878437993602,-0.019566549402270508,0.011524118524584959,0.572812217446792,0.556640625,5,5,-0.18504615219844053
metr_la,gated_fusion_forecast_only,GN-high,4.810556125640869,0.023047612396965164,-0.011218357086181463,-0.2326603437462446,-0.01121835708618164,0.029939664526476277,-0.03263590286764138,0.010199188695278097,0.26640050542555754,0.275390625,6,4,-0.3746988239050244
metr_la,gated_fusion_forecast_only,LD-high,4.9291716575622555,0.014681451827106009,0.008922767639159446,0.18134789192135584,0.008922767639160245,0.017369267193442083,-0.0035024575993182535,0.021347992877638743,0.13871689892748085,0.193359375,4,6,0.5137100799813312
metr_la,gated_fusion_forecast_only,SV-high,4.787526607513428,0.02950109362544298,-0.0030680656433101916,-0.06404352387609752,-0.003068065643310547,0.0235413688208554,-0.01990854640531194,0.013772415118690847,0.6898881779314723,0.4921875,5,5,-0.13032656115529417
pems_bay,sraf_id_forecast_only,RM20,1.855433714389801,0.007364425986912963,0.0,0.0,0.0,0.0,0.0,0.0,1.0,1.0,0,0,0.0
pems_bay,sraf_id_forecast_only,RM40,1.9296425104141235,0.007895221771556899,0.0,0.0,0.0,0.0,0.0,0.0,1.0,1.0,0,0,0.0
pems_bay,sraf_id_forecast_only,CO24,1.9492518305778503,0.008455786514783055,0.0,0.0,0.0,0.0,0.0,0.0,1.0,1.0,0,0,0.0
pems_bay,sraf_id_forecast_only,GN-high,2.0841681241989134,0.00936269621035773,0.0,0.0,0.0,0.0,0.0,0.0,1.0,1.0,0,0,0.0
pems_bay,sraf_id_forecast_only,LD-high,2.0121060848236083,0.016366733847917293,0.0,0.0,0.0,0.0,0.0,0.0,1.0,1.0,0,0,0.0
pems_bay,sraf_id_forecast_only,SV-high,1.8703925490379334,0.007639081772478905,0.0,0.0,0.0,0.0,0.0,0.0,1.0,1.0,0,0,0.0
pems_bay,temporal_only_forecast_only,RM20,1.8345121264457702,0.008716779897864792,-0.02092158794403076,-1.1275847680126516,-0.020921587944030696,0.013888995973190661,-0.030857177130451385,-0.010985998757610005,0.0010246769732832639,0.00390625,9,1,-1.5063427179628208
pems_bay,temporal_only_forecast_only,RM40,1.89932062625885,0.007954060435539718,-0.030321884155273482,-1.5713731425188213,-0.030321884155273482,0.013783421022601787,-0.04018194957169291,-0.020461818738854054,6.635590257955969e-05,0.001953125,10,0,-2.199880864522113
pems_bay,temporal_only_forecast_only,CO24,1.9588016748428345,0.02236524246175533,0.009549844264984175,0.4899235755573537,0.009549844264984087,0.026775216806963355,-0.009603991986738955,0.02870368051670713,0.2885393017794071,0.4921875,4,6,0.3566672992354813
pems_bay,temporal_only_forecast_only,GN-high,2.0864002466201783,0.006711288471961898,0.002232122421264915,0.1070989617079414,0.0022321224212646486,0.01163635312877796,-0.006092023149720017,0.010556267992249315,0.5591061774826603,0.6953125,5,5,0.19182319379293916
pems_bay,temporal_only_forecast_only,LD-high,1.9974549651145934,0.006885178100093316,-0.014651119709014893,-0.7281484718684346,-0.014651119709014981,0.018995984887441378,-0.02824002868396055,-0.001062210734069412,0.037426940614382405,0.083984375,6,4,-0.7712745506920847
pems_bay,temporal_only_forecast_only,SV-high,1.8639166831970215,0.009984629765389127,-0.006475865840911865,-0.3462303057314269,-0.006475865840911888,0.013386165708440973,-0.01605175192491283,0.003100020243089056,0.160415580050465,0.193359375,6,4,-0.48377302223506563
pems_bay,spatial_only_forecast_only,RM20,2.107507920265198,0.007559515792906278,0.25207420587539686,13.58572952083588,0.25207420587539664,0.008715884182126533,0.24583923793407195,0.25830917381672136,1.1324200814916934e-14,0.001953125,0,10,28.921243170293558
pems_bay,spatial_only_forecast_only,RM40,2.2204633474349977,0.009616931660777504,0.29082083702087425,15.071228761355426,0.2908208370208739,0.011065612583933102,0.28290497464016146,0.29873669940158637,2.6773602460614952e-14,0.001953125,0,10,26.281494568419646
pems_bay,spatial_only_forecast_only,CO24,2.1032116651535033,0.0061330972986987035,0.153959834575653,7.898406566072687,0.15395983457565313,0.007946130482805127,0.14827551525903446,0.1596441538922718,4.14334233776744e-13,0.001953125,0,10,19.375447572728827
pems_bay,spatial_only_forecast_only,GN-high,2.152008080482483,0.006655243326178295,0.06783995628356942,3.2550136189058594,0.06783995628356929,0.010569344652402125,0.06027910259488931,0.07540080997224927,7.971368471323298e-09,0.001953125,0,10,6.418558436179968
pems_bay,spatial_only_forecast_only,LD-high,2.1589866399765016,0.01369059924086175,0.14688055515289333,7.29984150740092,0.14688055515289306,0.01990988033553262,0.13263788475782026,0.16112322554796585,2.326304840583154e-09,0.001953125,0,10,7.377269610744939
pems_bay,spatial_only_forecast_only,SV-high,2.070663046836853,0.005987890523496925,0.2002704977989198,10.707404598138085,0.20027049779891976,0.0073723298102657585,0.19499665075605274,0.20554434484178677,1.9888192802571937e-14,0.001953125,0,10,27.165157142054174
pems_bay,fixed_fusion_forecast_only,RM20,1.9309052348136901,0.009722706185636252,0.07547152042388916,4.067594538062471,0.07547152042388924,0.010992973814902175,0.06760762068824429,0.0833354201595342,4.397954646073121e-09,0.001953125,0,10,6.865432565806658
pems_bay,fixed_fusion_forecast_only,RM40,2.0057103753089907,0.010278363085527929,0.07606786489486717,3.9420703308688054,0.07606786489486687,0.011973051338754537,0.06750285993414751,0.08463286985558624,8.72404810333561e-09,0.001953125,0,10,6.353256387421422
pems_bay,fixed_fusion_forecast_only,CO24,2.017131519317627,0.008638742617583513,0.06787968873977679,3.482345773642498,0.06787968873977665,0.011001416971920084,0.06000974913345074,0.07574962834610256,1.1290948256153027e-08,0.001953125,0,10,6.170085991016625
pems_bay,fixed_fusion_forecast_only,GN-high,2.090052366256714,0.014013400490851069,0.005884242057800471,0.28233048905602004,0.0058842420578002486,0.015819280003079538,-0.005432189139886336,0.017200673255486833,0.2696647434188542,0.232421875,2,8,0.3719664900459922
pems_bay,fixed_fusion_forecast_only,LD-high,2.057555913925171,0.017456241006378864,0.04544982910156259,2.258818729507841,0.04544982910156241,0.02160356381189568,0.0299955705351449,0.06090408766797992,9.34346490362654e-05,0.001953125,0,10,2.1038116441018007
pems_bay,fixed_fusion_forecast_only,SV-high,1.93697190284729,0.008020344213550789,0.06657935380935665,3.5596460135388592,0.06657935380935671,0.00936957657821662,0.059876762498108464,0.07328194512060496,3.2426667454799846e-09,0.001953125,0,10,7.105908495816921
pems_bay,gated_fusion_forecast_only,RM20,1.857415235042572,0.007024272651971293,0.0019815206527711293,0.10679555067925424,0.001981520652770974,0.007260024559468294,-0.003211988053361302,0.00717502935890325,0.41049292995647324,0.10546875,2,8,0.2729358057317778
pems_bay,gated_fusion_forecast_only,RM40,1.9332629084587096,0.007724434435383977,0.0036203980445861372,0.18762014337096866,0.0036203980445861372,0.007849602824834448,-0.0019948695452860227,0.009235665634458297,0.17869796389732504,0.064453125,1,9,0.46122053884458714
pems_bay,gated_fusion_forecast_only,CO24,1.9531013369560242,0.008321278494559459,0.003849506378173828,0.19748635439437562,0.003849506378173828,0.007554836847456135,-0.0015548983341355628,0.009253911090483218,0.14157102928188636,0.064453125,1,9,0.5095419604554444
pems_bay,gated_fusion_forecast_only,GN-high,2.084792137145996,0.010489074412138661,0.0006240129470826972,0.02994062426333996,0.0006240129470824751,0.00946195810807022,-0.006144664129530682,0.007392690023695633,0.83944210277119,0.556640625,3,7,0.06594966284518283
pems_bay,gated_fusion_forecast_only,LD-high,2.0103448271751403,0.011448630962326704,-0.0017612576484680176,-0.08753304121250736,-0.001761257648468062,0.019886524979165623,-0.01598722062807232,0.012464705331136194,0.7857557857299469,0.556640625,3,7,-0.08856538034238091
pems_bay,gated_fusion_forecast_only,SV-high,1.872143518924713,0.007392096226795928,0.0017509698867796963,0.09361510168976753,0.0017509698867798518,0.006502526649517715,-0.002900657458210933,0.006402597231770636,0.4165599727487277,0.083984375,1,9,0.26927531114535597
